{"_via_settings":{"ui":{"annotation_editor_height":25,"annotation_editor_fontsize":0.6000000000000001,"leftsidebar_width":18,"image_grid":{"img_height":80,"rshape_fill":"none","rshape_fill_opacity":0.3,"rshape_stroke":"yellow","rshape_stroke_width":2,"show_region_shape":true,"show_image_policy":"all"},"image":{"region_label":"Face","region_color":"__via_default_region_color__","region_label_font":"10px Sans","on_image_annotation_editor_placement":"NEAR_REGION"}},"core":{"buffer_size":"18","filepath":{"./":1},"default_filepath":"./"},"project":{"name":"via_project_faces_eva_ravindra"}},"_via_img_metadata":{"img001.jpg24741":{"filename":"img001.jpg","size":24741,"regions":[{"shape_attributes":{"name":"rect","x":151,"y":54,"width":70,"height":96},"region_attributes":{"Face":"Front"}}],"file_attributes":{}},"img002.jpg33426":{"filename":"img002.jpg","size":33426,"regions":[{"shape_attributes":{"name":"rect","x":84,"y":174,"width":74,"height":48},"region_attributes":{"Face":"Front"}},{"shape_attributes":{"name":"rect","x":127,"y":84,"width":80,"height":73},"region_attributes":{"Face":"Front"}},{"shape_attributes":{"name":"rect","x":241,"y":115,"width":80,"height":57},"region_attributes":{"Face":"Front"}},{"shape_attributes":{"name":"rect","x":142,"y":244,"width":58,"height":79},"region_attributes":{"Face":"Front"}},{"shape_attributes":{"name":"rect","x":249,"y":210,"width":77,"height":72},"region_attributes":{"Face":"Front"}}],"file_attributes":{}},"img003.jpg25656":{"filename":"img003.jpg","size":25656,"regions":[{"shape_attributes":{"name":"rect","x":68,"y":92,"width":174,"height":269},"region_attributes":{"Face":"Left"}}],"file_attributes":{}},"img004.jpg22889":{"filename":"img004.jpg","size":22889,"regions":[{"shape_attributes":{"name":"rect","x":167,"y":118,"width":84,"height":106},"region_attributes":{"Face":"Front"}},{"shape_attributes":{"name":"rect","x":256,"y":51,"width":141,"height":153},"region_attributes":{"Face":"Back"}}],"file_attributes":{}},"img005.jpg26833":{"filename":"img005.jpg","size":26833,"regions":[{"shape_attributes":{"name":"rect","x":76,"y":9,"width":239,"height":274},"region_attributes":{"Face":"Front"}}],"file_attributes":{}},"img006.jpg36938":{"filename":"img006.jpg","size":36938,"regions":[{"shape_attributes":{"name":"rect","x":34,"y":98,"width":79,"height":120},"region_attributes":{"Face":"Down"}},{"shape_attributes":{"name":"rect","x":205,"y":52,"width":97,"height":126},"region_attributes":{"Face":"Down"}}],"file_attributes":{}},"img008.jpg12063":{"filename":"img008.jpg","size":12063,"regions":[{"shape_attributes":{"name":"rect","x":153,"y":43,"width":80,"height":71},"region_attributes":{"Face":"Front"}}],"file_attributes":{}},"img009.jpg36496":{"filename":"img009.jpg","size":36496,"regions":[{"shape_attributes":{"name":"rect","x":155,"y":32,"width":56,"height":72},"region_attributes":{"Face":"Front"}}],"file_attributes":{}},"img011.jpg24001":{"filename":"img011.jpg","size":24001,"regions":[{"shape_attributes":{"name":"rect","x":111,"y":34,"width":115,"height":164},"region_attributes":{"Face":"Front"}}],"file_attributes":{}},"img012.jpg29281":{"filename":"img012.jpg","size":29281,"regions":[{"shape_attributes":{"name":"rect","x":76,"y":200,"width":135,"height":142},"region_attributes":{"Face":"Top"}}],"file_attributes":{}},"img013.jpg31463":{"filename":"img013.jpg","size":31463,"regions":[{"shape_attributes":{"name":"rect","x":77,"y":66,"width":202,"height":228},"region_attributes":{"Face":"Up"}}],"file_attributes":{}},"img014.jpg44330":{"filename":"img014.jpg","size":44330,"regions":[{"shape_attributes":{"name":"rect","x":59,"y":7,"width":118,"height":152},"region_attributes":{"Face":"Back"}},{"shape_attributes":{"name":"rect","x":210,"y":136,"width":133,"height":178},"region_attributes":{"Face":"Left"}},{"shape_attributes":{"name":"rect","x":50,"y":218,"width":118,"height":156},"region_attributes":{"Face":"Right"}}],"file_attributes":{}},"img016.jpg26461":{"filename":"img016.jpg","size":26461,"regions":[{"shape_attributes":{"name":"rect","x":92,"y":18,"width":211,"height":223},"region_attributes":{"Face":"Back"}}],"file_attributes":{}},"img017.jpg13954":{"filename":"img017.jpg","size":13954,"regions":[{"shape_attributes":{"name":"rect","x":201,"y":26,"width":149,"height":185},"region_attributes":{"Face":"Back"}}],"file_attributes":{}},"img018.jpg31661":{"filename":"img018.jpg","size":31661,"regions":[{"shape_attributes":{"name":"rect","x":143,"y":10,"width":92,"height":143},"region_attributes":{"Face":"Front"}}],"file_attributes":{}},"img020.jpg34855":{"filename":"img020.jpg","size":34855,"regions":[{"shape_attributes":{"name":"rect","x":84,"y":84,"width":145,"height":147},"region_attributes":{"Face":"Top"}}],"file_attributes":{}},"img021.jpg16840":{"filename":"img021.jpg","size":16840,"regions":[{"shape_attributes":{"name":"rect","x":177,"y":43,"width":197,"height":257},"region_attributes":{"Face":"Right"}}],"file_attributes":{}},"img022.jpg32748":{"filename":"img022.jpg","size":32748,"regions":[{"shape_attributes":{"name":"rect","x":146,"y":78,"width":89,"height":104},"region_attributes":{"Face":"Down"}}],"file_attributes":{}},"img025.jpg26821":{"filename":"img025.jpg","size":26821,"regions":[{"shape_attributes":{"name":"rect","x":103,"y":72,"width":99,"height":138},"region_attributes":{"Face":"DownRight"}},{"shape_attributes":{"name":"rect","x":281,"y":117,"width":74,"height":107},"region_attributes":{"Face":"DownLeft"}}],"file_attributes":{}},"img026.jpg25223":{"filename":"img026.jpg","size":25223,"regions":[{"shape_attributes":{"name":"rect","x":107,"y":62,"width":97,"height":104},"region_attributes":{"Face":"Front"}}],"file_attributes":{}},"img027.jpg24130":{"filename":"img027.jpg","size":24130,"regions":[{"shape_attributes":{"name":"rect","x":52,"y":92,"width":86,"height":199},"region_attributes":{"Face":"Right"}},{"shape_attributes":{"name":"rect","x":254,"y":83,"width":90,"height":187},"region_attributes":{"Face":"Left"}}],"file_attributes":{}},"img028.jpg14527":{"filename":"img028.jpg","size":14527,"regions":[{"shape_attributes":{"name":"rect","x":47,"y":92,"width":94,"height":212},"region_attributes":{"Face":"Front"}},{"shape_attributes":{"name":"rect","x":233,"y":107,"width":80,"height":195},"region_attributes":{"Face":"Left"}}],"file_attributes":{}},"img029.jpg39366":{"filename":"img029.jpg","size":39366,"regions":[{"shape_attributes":{"name":"rect","x":297,"y":81,"width":69,"height":76},"region_attributes":{"Face":"Back"}}],"file_attributes":{}},"img030.jpg44113":{"filename":"img030.jpg","size":44113,"regions":[{"shape_attributes":{"name":"rect","x":3,"y":80,"width":68,"height":117},"region_attributes":{"Face":"Front"}},{"shape_attributes":{"name":"rect","x":173,"y":122,"width":65,"height":91},"region_attributes":{"Face":"Front"}},{"shape_attributes":{"name":"rect","x":300,"y":69,"width":86,"height":94},"region_attributes":{"Face":"Front"}}],"file_attributes":{}},"img031.jpg10797":{"filename":"img031.jpg","size":10797,"regions":[{"shape_attributes":{"name":"rect","x":64,"y":71,"width":106,"height":175},"region_attributes":{"Face":"Left"}}],"file_attributes":{}},"img032.jpg31993":{"filename":"img032.jpg","size":31993,"regions":[{"shape_attributes":{"name":"rect","x":161,"y":54,"width":112,"height":129},"region_attributes":{"Face":"UpRight"}}],"file_attributes":{}},"img033.jpg32648":{"filename":"img033.jpg","size":32648,"regions":[{"shape_attributes":{"name":"rect","x":185,"y":32,"width":95,"height":148},"region_attributes":{"Face":"DownLeft"}}],"file_attributes":{}},"img034.jpg30141":{"filename":"img034.jpg","size":30141,"regions":[{"shape_attributes":{"name":"rect","x":64,"y":81,"width":50,"height":74},"region_attributes":{"Face":"Front"}},{"shape_attributes":{"name":"rect","x":277,"y":90,"width":40,"height":58},"region_attributes":{"Face":"Front"}}],"file_attributes":{}},"img035.jpg49284":{"filename":"img035.jpg","size":49284,"regions":[{"shape_attributes":{"name":"rect","x":114,"y":56,"width":44,"height":74},"region_attributes":{"Face":"Right"}},{"shape_attributes":{"name":"rect","x":264,"y":37,"width":42,"height":79},"region_attributes":{"Face":"Left"}}],"file_attributes":{}},"img036.jpg42187":{"filename":"img036.jpg","size":42187,"regions":[{"shape_attributes":{"name":"rect","x":72,"y":65,"width":56,"height":113},"region_attributes":{"Face":"Right"}},{"shape_attributes":{"name":"rect","x":225,"y":20,"width":67,"height":125},"region_attributes":{"Face":"Left"}}],"file_attributes":{}},"img037.jpg25047":{"filename":"img037.jpg","size":25047,"regions":[{"shape_attributes":{"name":"rect","x":203,"y":62,"width":36,"height":76},"region_attributes":{"Face":"Right"}},{"shape_attributes":{"name":"rect","x":275,"y":53,"width":38,"height":78},"region_attributes":{"Face":"Left"}}],"file_attributes":{}},"img040.jpg46622":{"filename":"img040.jpg","size":46622,"regions":[{"shape_attributes":{"name":"rect","x":103,"y":74,"width":55,"height":64},"region_attributes":{"Face":"DownRight"}},{"shape_attributes":{"name":"rect","x":164,"y":64,"width":70,"height":76},"region_attributes":{"Face":"DownLeft"}}],"file_attributes":{}},"img041.jpg28044":{"filename":"img041.jpg","size":28044,"regions":[{"shape_attributes":{"name":"rect","x":194,"y":31,"width":40,"height":65},"region_attributes":{"Face":"Front"}}],"file_attributes":{}},"img042.jpg28541":{"filename":"img042.jpg","size":28541,"regions":[{"shape_attributes":{"name":"rect","x":193,"y":34,"width":51,"height":64},"region_attributes":{"Face":"Front"}}],"file_attributes":{}},"img043.jpg11772":{"filename":"img043.jpg","size":11772,"regions":[{"shape_attributes":{"name":"rect","x":175,"y":41,"width":153,"height":208},"region_attributes":{"Face":"Back"}}],"file_attributes":{}},"img044.jpg30770":{"filename":"img044.jpg","size":30770,"regions":[{"shape_attributes":{"name":"rect","x":157,"y":35,"width":88,"height":127},"region_attributes":{"Face":"Front"}}],"file_attributes":{}},"img045.jpg43245":{"filename":"img045.jpg","size":43245,"regions":[{"shape_attributes":{"name":"rect","x":42,"y":58,"width":71,"height":94},"region_attributes":{"Face":"Left"}},{"shape_attributes":{"name":"rect","x":298,"y":53,"width":50,"height":85},"region_attributes":{"Face":"Right"}},{"shape_attributes":{"name":"rect","x":88,"y":253,"width":78,"height":88},"region_attributes":{"Face":"Down"}},{"shape_attributes":{"name":"rect","x":246,"y":241,"width":78,"height":80},"region_attributes":{"Face":"Back"}}],"file_attributes":{}},"img046.jpg16917":{"filename":"img046.jpg","size":16917,"regions":[{"shape_attributes":{"name":"rect","x":186,"y":22,"width":181,"height":204},"region_attributes":{"Face":"Back"}}],"file_attributes":{}},"img047.jpg14441":{"filename":"img047.jpg","size":14441,"regions":[{"shape_attributes":{"name":"rect","x":105,"y":34,"width":185,"height":250},"region_attributes":{"Face":"Back"}}],"file_attributes":{}},"img048.jpg24677":{"filename":"img048.jpg","size":24677,"regions":[{"shape_attributes":{"name":"rect","x":146,"y":72,"width":116,"height":107},"region_attributes":{"Face":"DownRight"}}],"file_attributes":{}},"img049.jpg30134":{"filename":"img049.jpg","size":30134,"regions":[{"shape_attributes":{"name":"rect","x":137,"y":75,"width":108,"height":126},"region_attributes":{"Face":"Up"}}],"file_attributes":{}},"img050.jpg32900":{"filename":"img050.jpg","size":32900,"regions":[{"shape_attributes":{"name":"rect","x":142,"y":87,"width":77,"height":107},"region_attributes":{"Face":"DownLeft"}}],"file_attributes":{}},"img051.jpg26746":{"filename":"img051.jpg","size":26746,"regions":[{"shape_attributes":{"name":"rect","x":254,"y":113,"width":96,"height":209},"region_attributes":{"Face":"Right"}}],"file_attributes":{}},"img052.jpg23400":{"filename":"img052.jpg","size":23400,"regions":[{"shape_attributes":{"name":"rect","x":157,"y":64,"width":90,"height":99},"region_attributes":{"Face":"Front"}}],"file_attributes":{}},"img053.jpg37783":{"filename":"img053.jpg","size":37783,"regions":[{"shape_attributes":{"name":"rect","x":117,"y":54,"width":58,"height":57},"region_attributes":{"Face":"Front"}},{"shape_attributes":{"name":"rect","x":249,"y":84,"width":56,"height":61},"region_attributes":{"Face":"Front"}}],"file_attributes":{}},"img055.jpg41419":{"filename":"img055.jpg","size":41419,"regions":[{"shape_attributes":{"name":"rect","x":102,"y":42,"width":45,"height":56},"region_attributes":{"Face":"Up"}},{"shape_attributes":{"name":"rect","x":76,"y":230,"width":59,"height":41},"region_attributes":{"Face":"Up"}},{"shape_attributes":{"name":"rect","x":325,"y":75,"width":47,"height":50},"region_attributes":{"Face":"Up"}},{"shape_attributes":{"name":"rect","x":286,"y":255,"width":58,"height":47},"region_attributes":{"Face":"Up"}}],"file_attributes":{}},"img056.jpg42372":{"filename":"img056.jpg","size":42372,"regions":[{"shape_attributes":{"name":"rect","x":80,"y":127,"width":141,"height":214},"region_attributes":{"Face":"Left"}}],"file_attributes":{}},"img057.jpg20144":{"filename":"img057.jpg","size":20144,"regions":[{"shape_attributes":{"name":"rect","x":134,"y":85,"width":95,"height":151},"region_attributes":{"Face":"Front"}}],"file_attributes":{}},"img058.jpg21064":{"filename":"img058.jpg","size":21064,"regions":[{"shape_attributes":{"name":"rect","x":204,"y":64,"width":77,"height":106},"region_attributes":{"Face":"DownRight"}}],"file_attributes":{}},"img059.jpg27406":{"filename":"img059.jpg","size":27406,"regions":[{"shape_attributes":{"name":"rect","x":176,"y":4,"width":102,"height":97},"region_attributes":{"Face":"Up"}}],"file_attributes":{}},"img060.jpg27574":{"filename":"img060.jpg","size":27574,"regions":[{"shape_attributes":{"name":"rect","x":186,"y":68,"width":53,"height":92},"region_attributes":{"Face":"DownRight"}},{"shape_attributes":{"name":"rect","x":303,"y":111,"width":48,"height":63},"region_attributes":{"Face":"DownLeft"}}],"file_attributes":{}},"img061.jpg33930":{"filename":"img061.jpg","size":33930,"regions":[{"shape_attributes":{"name":"rect","x":195,"y":83,"width":67,"height":67},"region_attributes":{"Face":"Front"}}],"file_attributes":{}},"img062.jpg13675":{"filename":"img062.jpg","size":13675,"regions":[{"shape_attributes":{"name":"rect","x":142,"y":31,"width":144,"height":173},"region_attributes":{"Face":"Back"}}],"file_attributes":{}},"img063.jpg8294":{"filename":"img063.jpg","size":8294,"regions":[{"shape_attributes":{"name":"rect","x":100,"y":11,"width":168,"height":260},"region_attributes":{"Face":"Back"}}],"file_attributes":{}},"img064.jpg25161":{"filename":"img064.jpg","size":25161,"regions":[{"shape_attributes":{"name":"rect","x":86,"y":95,"width":147,"height":174},"region_attributes":{"Face":"Up"}}],"file_attributes":{}},"img066.jpg30325":{"filename":"img066.jpg","size":30325,"regions":[{"shape_attributes":{"name":"rect","x":151,"y":23,"width":66,"height":65},"region_attributes":{"Face":"Front"}}],"file_attributes":{}},"img069.jpg20748":{"filename":"img069.jpg","size":20748,"regions":[{"shape_attributes":{"name":"rect","x":151,"y":23,"width":122,"height":168},"region_attributes":{"Face":"DownLeft"}}],"file_attributes":{}},"img072.jpg39664":{"filename":"img072.jpg","size":39664,"regions":[{"shape_attributes":{"name":"rect","x":154,"y":21,"width":25,"height":49},"region_attributes":{"Face":"Right"}},{"shape_attributes":{"name":"rect","x":271,"y":15,"width":34,"height":44},"region_attributes":{"Face":"Front"}}],"file_attributes":{}},"img073.jpg48158":{"filename":"img073.jpg","size":48158,"regions":[{"shape_attributes":{"name":"rect","x":79,"y":33,"width":55,"height":82},"region_attributes":{"Face":"DownLeft"}},{"shape_attributes":{"name":"rect","x":177,"y":52,"width":60,"height":88},"region_attributes":{"Face":"DownLeft"}},{"shape_attributes":{"name":"rect","x":270,"y":96,"width":54,"height":69},"region_attributes":{"Face":"DownLeft"}}],"file_attributes":{}},"img074.jpg34191":{"filename":"img074.jpg","size":34191,"regions":[{"shape_attributes":{"name":"rect","x":180,"y":61,"width":60,"height":132},"region_attributes":{"Face":"Right"}}],"file_attributes":{}},"img075.jpg8941":{"filename":"img075.jpg","size":8941,"regions":[{"shape_attributes":{"name":"rect","x":89,"y":63,"width":182,"height":239},"region_attributes":{"Face":"Front"}}],"file_attributes":{}},"img076.jpg33365":{"filename":"img076.jpg","size":33365,"regions":[{"shape_attributes":{"name":"rect","x":171,"y":94,"width":56,"height":94},"region_attributes":{"Face":"Front"}}],"file_attributes":{}},"img077.jpg50965":{"filename":"img077.jpg","size":50965,"regions":[{"shape_attributes":{"name":"rect","x":330,"y":127,"width":56,"height":64},"region_attributes":{"Face":"Back"}}],"file_attributes":{}},"img079.jpg19134":{"filename":"img079.jpg","size":19134,"regions":[{"shape_attributes":{"name":"rect","x":149,"y":48,"width":92,"height":100},"region_attributes":{"Face":"Front"}}],"file_attributes":{}},"img081.jpg25093":{"filename":"img081.jpg","size":25093,"regions":[{"shape_attributes":{"name":"rect","x":84,"y":39,"width":236,"height":214},"region_attributes":{"Face":"Up"}}],"file_attributes":{}},"img083.jpg32235":{"filename":"img083.jpg","size":32235,"regions":[{"shape_attributes":{"name":"rect","x":90,"y":44,"width":281,"height":313},"region_attributes":{"Face":"Top"}}],"file_attributes":{}},"img084.jpg11417":{"filename":"img084.jpg","size":11417,"regions":[{"shape_attributes":{"name":"rect","x":115,"y":59,"width":160,"height":206},"region_attributes":{"Face":"Front"}}],"file_attributes":{}},"img086.jpg20865":{"filename":"img086.jpg","size":20865,"regions":[{"shape_attributes":{"name":"rect","x":131,"y":68,"width":99,"height":134},"region_attributes":{"Face":"Left"}}],"file_attributes":{}},"img087.jpg28060":{"filename":"img087.jpg","size":28060,"regions":[{"shape_attributes":{"name":"rect","x":150,"y":6,"width":187,"height":213},"region_attributes":{"Face":"Up"}}],"file_attributes":{}},"img089.jpg39975":{"filename":"img089.jpg","size":39975,"regions":[{"shape_attributes":{"name":"rect","x":153,"y":60,"width":43,"height":72},"region_attributes":{"Face":"Down"}},{"shape_attributes":{"name":"rect","x":316,"y":82,"width":39,"height":61},"region_attributes":{"Face":"Down"}}],"file_attributes":{}},"img090.jpg23329":{"filename":"img090.jpg","size":23329,"regions":[{"shape_attributes":{"name":"rect","x":163,"y":143,"width":81,"height":113},"region_attributes":{"Face":"Down"}}],"file_attributes":{}},"img091.jpg21705":{"filename":"img091.jpg","size":21705,"regions":[{"shape_attributes":{"name":"rect","x":117,"y":74,"width":187,"height":237},"region_attributes":{"Face":"Front"}}],"file_attributes":{}},"img094.jpg16079":{"filename":"img094.jpg","size":16079,"regions":[{"shape_attributes":{"name":"rect","x":25,"y":97,"width":123,"height":215},"region_attributes":{"Face":"Front"}},{"shape_attributes":{"name":"rect","x":276,"y":112,"width":119,"height":158},"region_attributes":{"Face":"Right"}}],"file_attributes":{}},"img096.jpg7648":{"filename":"img096.jpg","size":7648,"regions":[{"shape_attributes":{"name":"rect","x":190,"y":35,"width":31,"height":61},"region_attributes":{"Face":"Right"}}],"file_attributes":{}},"img097.jpg33747":{"filename":"img097.jpg","size":33747,"regions":[{"shape_attributes":{"name":"rect","x":65,"y":51,"width":90,"height":144},"region_attributes":{"Face":"Front"}},{"shape_attributes":{"name":"rect","x":277,"y":102,"width":93,"height":125},"region_attributes":{"Face":"Front"}}],"file_attributes":{}},"img098.jpg16581":{"filename":"img098.jpg","size":16581,"regions":[{"shape_attributes":{"name":"rect","x":235,"y":38,"width":132,"height":177},"region_attributes":{"Face":"Back"}}],"file_attributes":{}},"img100.jpg19553":{"filename":"img100.jpg","size":19553,"regions":[{"shape_attributes":{"name":"rect","x":248,"y":102,"width":89,"height":115},"region_attributes":{"Face":"Up"}}],"file_attributes":{}},"img010.jpg27804":{"filename":"img010.jpg","size":27804,"regions":[{"shape_attributes":{"name":"rect","x":184,"y":18,"width":162,"height":254},"region_attributes":{"Face":"Back"}}],"file_attributes":{}},"img024.jpg17597":{"filename":"img024.jpg","size":17597,"regions":[{"shape_attributes":{"name":"rect","x":57,"y":163,"width":38,"height":77},"region_attributes":{"Face":"Right"}},{"shape_attributes":{"name":"rect","x":291,"y":178,"width":36,"height":67},"region_attributes":{"Face":"Left"}}],"file_attributes":{}},"img015.jpg41360":{"filename":"img015.jpg","size":41360,"regions":[{"shape_attributes":{"name":"rect","x":146,"y":41,"width":87,"height":115},"region_attributes":{"Face":"UpRight"}}],"file_attributes":{}},"img019.jpg27405":{"filename":"img019.jpg","size":27405,"regions":[{"shape_attributes":{"name":"rect","x":128,"y":126,"width":166,"height":204},"region_attributes":{"Face":"Up"}}],"file_attributes":{}},"img054.jpg30051":{"filename":"img054.jpg","size":30051,"regions":[{"shape_attributes":{"name":"rect","x":177,"y":128,"width":61,"height":91},"region_attributes":{"Face":"Down"}}],"file_attributes":{}},"img065.jpg20816":{"filename":"img065.jpg","size":20816,"regions":[{"shape_attributes":{"name":"rect","x":69,"y":45,"width":111,"height":186},"region_attributes":{"Face":"Left"}}],"file_attributes":{}},"img068.jpg29431":{"filename":"img068.jpg","size":29431,"regions":[{"shape_attributes":{"name":"rect","x":27,"y":75,"width":154,"height":193},"region_attributes":{"Face":"Left"}}],"file_attributes":{}},"img071.jpg45137":{"filename":"img071.jpg","size":45137,"regions":[{"shape_attributes":{"name":"rect","x":107,"y":77,"width":141,"height":217},"region_attributes":{"Face":"Front"}}],"file_attributes":{}},"img080.jpg9955":{"filename":"img080.jpg","size":9955,"regions":[{"shape_attributes":{"name":"rect","x":46,"y":37,"width":172,"height":275},"region_attributes":{"Face":"left"}}],"file_attributes":{}},"img082.jpg24133":{"filename":"img082.jpg","size":24133,"regions":[{"shape_attributes":{"name":"rect","x":184,"y":91,"width":45,"height":44},"region_attributes":{"Face":"Up"}}],"file_attributes":{}},"img085.jpg34992":{"filename":"img085.jpg","size":34992,"regions":[{"shape_attributes":{"name":"rect","x":210,"y":99,"width":111,"height":229},"region_attributes":{"Face":"Right"}}],"file_attributes":{}},"img092.jpg16236":{"filename":"img092.jpg","size":16236,"regions":[{"shape_attributes":{"name":"rect","x":266,"y":45,"width":110,"height":132},"region_attributes":{"Face":"Back"}}],"file_attributes":{}},"img093.jpg30645":{"filename":"img093.jpg","size":30645,"regions":[{"shape_attributes":{"name":"rect","x":42,"y":51,"width":75,"height":134},"region_attributes":{"Face":"Right"}},{"shape_attributes":{"name":"rect","x":258,"y":46,"width":105,"height":169},"region_attributes":{"Face":"Left"}}],"file_attributes":{}},"img095.jpg40085":{"filename":"img095.jpg","size":40085,"regions":[{"shape_attributes":{"name":"rect","x":104,"y":85,"width":179,"height":265},"region_attributes":{"Face":"Front"}}],"file_attributes":{}},"img007.jpg48297":{"filename":"img007.jpg","size":48297,"regions":[{"shape_attributes":{"name":"rect","x":54,"y":26,"width":192,"height":323},"region_attributes":{"Face":"Left"}}],"file_attributes":{}},"img038.jpg42896":{"filename":"img038.jpg","size":42896,"regions":[{"shape_attributes":{"name":"rect","x":68,"y":50,"width":80,"height":124},"region_attributes":{"Face":"Front"}},{"shape_attributes":{"name":"rect","x":241,"y":61,"width":72,"height":107},"region_attributes":{"Face":"Front"}}],"file_attributes":{}},"img039.jpg35261":{"filename":"img039.jpg","size":35261,"regions":[{"shape_attributes":{"name":"rect","x":231,"y":89,"width":91,"height":162},"region_attributes":{"Face":"Right"}}],"file_attributes":{}},"img023.jpg39933":{"filename":"img023.jpg","size":39933,"regions":[{"shape_attributes":{"name":"rect","x":95,"y":42,"width":119,"height":201},"region_attributes":{"Face":"Left"}}],"file_attributes":{}},"img019.jpg35973":{"filename":"img019.jpg","size":35973,"regions":[{"shape_attributes":{"name":"rect","x":200,"y":71,"width":68,"height":86},"region_attributes":{"Face":"DownRight"}}],"file_attributes":{}},"img067.jpg53518":{"filename":"img067.jpg","size":53518,"regions":[{"shape_attributes":{"name":"rect","x":139,"y":31,"width":39,"height":95},"region_attributes":{"Face":"DownRight"}},{"shape_attributes":{"name":"rect","x":283,"y":107,"width":29,"height":83},"region_attributes":{"Face":"Left"}}],"file_attributes":{}},"img078.jpg38779":{"filename":"img078.jpg","size":38779,"regions":[{"shape_attributes":{"name":"rect","x":209,"y":59,"width":83,"height":129},"region_attributes":{"Face":"DownRight"}}],"file_attributes":{}},"img088.jpg46120":{"filename":"img088.jpg","size":46120,"regions":[{"shape_attributes":{"name":"rect","x":187,"y":24,"width":86,"height":107},"region_attributes":{"Face":"UpRight"}}],"file_attributes":{}},"img099.jpg49659":{"filename":"img099.jpg","size":49659,"regions":[{"shape_attributes":{"name":"rect","x":169,"y":54,"width":58,"height":88},"region_attributes":{"Face":"UpRight"}}],"file_attributes":{}},"img-101.jpg27108":{"filename":"img-101.jpg","size":27108,"regions":[{"shape_attributes":{"name":"rect","x":150,"y":184,"width":62,"height":77},"region_attributes":{"Face":"Up"}}],"file_attributes":{}},"img-102.jpg38608":{"filename":"img-102.jpg","size":38608,"regions":[{"shape_attributes":{"name":"rect","x":83,"y":49,"width":61,"height":39},"region_attributes":{"Face":"DownLeft"}}],"file_attributes":{}},"img-103.jpg42177":{"filename":"img-103.jpg","size":42177,"regions":[{"shape_attributes":{"name":"rect","x":196,"y":11,"width":108,"height":156},"region_attributes":{"Face":"UpLeft"}}],"file_attributes":{}},"img-104.jpg33906":{"filename":"img-104.jpg","size":33906,"regions":[{"shape_attributes":{"name":"rect","x":156,"y":136,"width":90,"height":110},"region_attributes":{"Face":"DownLeft"}}],"file_attributes":{}},"img-105.jpg33099":{"filename":"img-105.jpg","size":33099,"regions":[{"shape_attributes":{"name":"rect","x":203,"y":97,"width":52,"height":69},"region_attributes":{"Face":"Down"}}],"file_attributes":{}},"img-106.jpg54134":{"filename":"img-106.jpg","size":54134,"regions":[{"shape_attributes":{"name":"rect","x":54,"y":23,"width":52,"height":49},"region_attributes":{"Face":"DownLeft"}},{"shape_attributes":{"name":"rect","x":318,"y":54,"width":43,"height":53},"region_attributes":{"Face":"Left"}}],"file_attributes":{}},"img-107.jpg34928":{"filename":"img-107.jpg","size":34928,"regions":[{"shape_attributes":{"name":"rect","x":92,"y":57,"width":67,"height":90},"region_attributes":{"Face":"Left"}}],"file_attributes":{}},"img-108.jpg40901":{"filename":"img-108.jpg","size":40901,"regions":[{"shape_attributes":{"name":"rect","x":69,"y":49,"width":65,"height":95},"region_attributes":{"Face":"DownLeft"}}],"file_attributes":{}},"img-109.jpg48000":{"filename":"img-109.jpg","size":48000,"regions":[{"shape_attributes":{"name":"rect","x":156,"y":161,"width":125,"height":62},"region_attributes":{"Face":"UpLeft"}}],"file_attributes":{}},"img-110.jpg36767":{"filename":"img-110.jpg","size":36767,"regions":[{"shape_attributes":{"name":"rect","x":263,"y":59,"width":70,"height":102},"region_attributes":{"Face":"DownRight"}}],"file_attributes":{}},"img-111.jpg46262":{"filename":"img-111.jpg","size":46262,"regions":[{"shape_attributes":{"name":"rect","x":171,"y":78,"width":42,"height":61},"region_attributes":{"Face":"UpRight"}}],"file_attributes":{}},"img-112.jpg35167":{"filename":"img-112.jpg","size":35167,"regions":[{"shape_attributes":{"name":"rect","x":152,"y":42,"width":60,"height":73},"region_attributes":{"Face":"UpLeft"}}],"file_attributes":{}},"img-113.jpg34908":{"filename":"img-113.jpg","size":34908,"regions":[{"shape_attributes":{"name":"rect","x":157,"y":107,"width":78,"height":83},"region_attributes":{"Face":"DownLeft"}}],"file_attributes":{}},"img-114.jpg46152":{"filename":"img-114.jpg","size":46152,"regions":[{"shape_attributes":{"name":"rect","x":52,"y":87,"width":136,"height":192},"region_attributes":{"Face":"Left"}}],"file_attributes":{}},"img-115.jpg33294":{"filename":"img-115.jpg","size":33294,"regions":[{"shape_attributes":{"name":"rect","x":85,"y":90,"width":160,"height":195},"region_attributes":{"Face":"Down"}}],"file_attributes":{}},"img-116.jpg51254":{"filename":"img-116.jpg","size":51254,"regions":[{"shape_attributes":{"name":"rect","x":111,"y":82,"width":84,"height":107},"region_attributes":{"Face":"Down"}}],"file_attributes":{}},"img-117.jpg34564":{"filename":"img-117.jpg","size":34564,"regions":[{"shape_attributes":{"name":"rect","x":152,"y":79,"width":60,"height":90},"region_attributes":{"Face":"Right"}}],"file_attributes":{}},"img-118.jpg25436":{"filename":"img-118.jpg","size":25436,"regions":[{"shape_attributes":{"name":"rect","x":146,"y":168,"width":98,"height":164},"region_attributes":{"Face":"UpRight"}}],"file_attributes":{}},"img-119.jpg33334":{"filename":"img-119.jpg","size":33334,"regions":[{"shape_attributes":{"name":"rect","x":165,"y":50,"width":74,"height":92},"region_attributes":{"Face":"UpLeft"}}],"file_attributes":{}},"img-120.jpg46400":{"filename":"img-120.jpg","size":46400,"regions":[{"shape_attributes":{"name":"rect","x":211,"y":184,"width":89,"height":67},"region_attributes":{"Face":"DownRight"}}],"file_attributes":{}},"img-121.jpg31688":{"filename":"img-121.jpg","size":31688,"regions":[{"shape_attributes":{"name":"rect","x":176,"y":148,"width":55,"height":68},"region_attributes":{"Face":"UpRight"}}],"file_attributes":{}}},"_via_attributes":{"region":{"Face":{"type":"image","description":"","options":{"Left":"","Right":"","Front":"","Up":"","Down":"","UpLeft":"","UpRight":"","DownLeft":"","DownRight":"","Top":"","Back":""},"default_options":{"left":true}}},"file":{}}}